N°,RCCM,Dénomination,Adresse,Activités,Type,Nom Dirigeant,IFU,Email,Secteur,Nationalité
1,08-A-3790,AJF & FILS,"AFFANTODJI JULIE ABLA/ILOT 1247-AK AHOUANSORI AGUE/COTONOU/TEL 97-08-44-76","BATIMENTS ET TRAVAUX PUBLICS-ASSAINISSEMENT-BUREAUTIQUE-HYDRAULIQUE-PRESTATION DE SERVICES-COMMERCE GENERAL ET DIVERS",ETABLISSEMENT,"AFFANTODJI JULIE ABLA/ILOT 1247-AK AHOUANSORI AGUE/COTONOU/T","","","",BENINOISE
2,"11/A/067 DU 07/03/11",CABINET SAINT GLORY,"LOKOSSA/AHOUAME/ EN FACE DU STADETEL 97-88-79-45","COMMERCECABINET MEDICAL-LABORATOIRE ET PHARMACIE-CONSOMMABLES MEDICAUX-ETUDES-CONSULTATION ET CONSEILS....",ETABLISSEMENT,"","","","DISTRIBUTION AUTRES PRODUITS",BENINOISE
3,"09/A/6743 DU 10/04/09",DHOSSOU A.H.J. DAMIEN,COTONOU,"SERVICEPRESTATION DE SERVICE EN INFORMATIQUE ET EN COMMUNICATION ETDIVERS",ETABLISSEMENT,"","","",TELECOMS & NTIC,BENINOISE
4,"11-A-025 DU 14/01/11",E/SE  ACY ET FILS,LOKOSSA/AGNIVEDJI,"COMMERCEFOURNITURES DE MATERIELS ET EQUIPEMENTS DE BUREAU-PRESTATION DE SERVICES-COMMERCE GENERAL ET DIVERS",ETABLISSEMENT,"","","","LIBRAIRIE - PAPETERIE - BUREAUTIQUE",BENINOISE
5,"02-A-0166 DU 31/01/02",E/SE  ALFA,P/NOVO/DOWA,"INDUSTRIEEXPLOITATION D'UN ATELIER DE SOUDURE METALLIQUE-GENIE CIVIL-VENTE DE MATERIAUX DE CONSTRUCTION....",ETABLISSEMENT,"","","","INDUSTRIES MANUFACTURIERES",BENINOISE
6,"10/A/108 DU 17/05/10",E/SE  SOIS BENI,"COME/HONGODETEL 93-66-03-66","SERVICEPRET-A-PORTER-HOTELLERIE-RESTAURATION-VENTE D'APPAREILS ELECTRO-MENAGERS..DIVERS",ETABLISSEMENT,"","","","HOTELLERIE - RESTAURATION",BENINOISE
7,"03-M-409 DU 30/12/03",E/SE LAU-KE-TO,"ZAKPO/BOHICONTEL 93-93-65-24/02BP64","COMMERCEMECANIQUE-AUTO-ACHAT ET VENTE DE PRODUITS VIVRIERS-AGRICOLES-FORESTIERS-…DIVERS",ETABLISSEMENT,"","","","CONCESSIONNAIRES AUTO-MOTO",BENINOISE
8,RB/LKS/11-A-201,"E/SE LE RESSUSCITE SERVICES","LIONNOU LAZARE/TEL 97-14-21-14/BP 2013/LALO/AGADON","PRESTATION DE SERVICES-BUREAUTIQUE-IMPRIMERIE-GENIE CIVIL-REALISATION DE MOBILIERS-COMMERCE GENERAL ET DIVERS",ETABLISSEMENT,"LIONNOU LAZARE/TEL 97-14-21-14/BP 2013/LALO/AGADO","","","",BENINOISE
9,283/A DU 12/11/09,E/SE PLANETTE ELEVAGE,"AZOVE/AZOVE CENTRETEL 95-25-44-81","COMMERCEPHARMACIE VETERINAIRE-INTRANTS ZOOTECHNIQUES-CONSEILS ET APPUIS EN ELEVAGE-BUREAUTIQUE....DIVERS",ETABLISSEMENT,"","","","DISTRIBUTION AUTRES PRODUITS",BENINOISE
10,06-A-170,ENTREPRISE  ACO  BTP,AGOUTY COMLAN OLIVIER/COME/AZANNOU,"BTP-GENIE CIVIL-QUINCAILLERIE-ALIMENTATION GNERALE-PRESTATION DE SERVICES-COMMERCE GENERAL ET DIVERS",ETABLISSEMENT,"AGOUTY COMLAN OLIVIER/COME/AZANNOU","","","",BENINOISE
11,04-A-142,ETS  A. S. M,"P/NOVO/GBECONTEL 31-21-22-33","COMMERCEEXPLOITATION D'UNE CABINE TELEPHONIQUE",ETABLISSEMENT,"","","",COMMERCE GENERAL,BENINOISE
12,"10-A-10.373 DU 31/05/10",ETS  A. Z. F,"COTONOU/VODJETEL 97-59-09-98","SERVICEPRESTATION DE SERVICES EN BTP EN GENIE CIVIL-ACHAT ET VENTE DE MATERIAUX DE CONSTRUCTION",ETABLISSEMENT,"","","",BATIMENTS - TP,BENINOISE
13,"11-A-392 DU 07/12/11",ETS  AIDEZ-MOI,"LOKOSSA/ADJAKOMEYTEL 95-42-80-21","COMMERCETOUS TRAVAUX DE SOUDURE-PETROLE LAMPANT-PRODUITS AGRICOLES-POISSONNERIE...DIVERS",ETABLISSEMENT,"","","",COMMERCE GENERAL,BENINOISE
14,"11-A-102 DU 11/04/11",ETS  AKOFA & FILS,"LOKOSSA/TCHIKOMEYTEL 97-73-88-77","COMMERCEVENTE DE DIVERS-MATERIELS ELECTRIQUES-SONORISATION-PRODUITS ALIMENTAIRE-GSM...",ETABLISSEMENT,"","","","DISTRIBUTION PRODUITS ALIMENTAIRES",BENINOISE
15,"11-A-709 DU 16/09/11",ETS  ALL  MAT  BTP,"AB-CALAVI/LABOZOUNKPATEL 95-87-90-90/03BP 2913","INDUSTRIEBTP-PROMOTION IMMOBILIERE-ETUDE-CONSCEPTION ET REALISATION DES TRAVAUX TOPOGRAPHIQUES..",ETABLISSEMENT,"","","",BATIMENTS - TP,BENINOISE
16,"09/A/157 DU 25/05/09",ETS  AMITIE,COME/HONGODE,"COMMERCEVENTE DE CONSOMMABLES GSM-COMMERCE GENERAL ET DIVERS",ETABLISSEMENT,"","","",COMMERCE GENERAL,BENINOISE
17,"07/A/0031 DU 20/09/07","ETS  ARTS BOBO NOUVELLE GENERATION","LOKOSSA/GUINKOMEYTEL 95-86-36-38","COMMERCEVENTE DE FOURNITURES DE BUREAU-CONSOMMABLES INFORMATIQUES-PRESTATION DE SERVICES-BTP..",ETABLISSEMENT,"","","","LIBRAIRIE - PAPETERIE - BUREAUTIQUE",BENINOISE
18,"11/A/308 DU 26/09/11","ETS  AUBERGE OBAMA BEACH",GRAND-POPO/ADJAKOMEY,"COMMERCEALIMENTATION GENERALE-PRODUITS AGRICOLES-SOBEBRA-COMMERCE HENERAL-DIVERS",ETABLISSEMENT,"","","","DISTRIBUTION PRODUITS ALIMENTAIRES",BENINOISE
20,"0147/A DU 31/12/03",ETS  BAKONO,"APLAHOUE/GAHOMETEL 90-91-49-01","COMMERCECOMMERCE GENERAL-VENTE DE PRODUITS FORESTIERS-EXPLOITATIOND'UN BAR-RESTAURANT ET DIVERS",ETABLISSEMENT,"","","",COMMERCE GENERAL,BENINOISE
21,268/A DU 17/04/84,ETS  BIL,"LOKOSSA/A COTE MARCHETEL 22-41-13-09","INDUSTRIEBOULANGERIE-PATISSERIE",ETABLISSEMENT,"","","","INDUSTRIE - BOULANGERIE",BENINOISE
22,142/A DU 05/08/05,ETS  BOKI ET FILS,"BOKI FERDINAND/TEL 90-96-26-03/KLOUEKANMEY/AGBLECOME","BTP-ALIMENTATION GENERALE-QUINCAILLERIE-FOURNITURES DE BUREAU-EQUIPEMENTS-COMMERCE GENERAL",ETABLISSEMENT,"BOKI FERDINAND/TEL 90-96-26-03/KLOUEKANMEY/","","","",BENINOISE
23,915/A,ETS  BOSSOU & FILS,"ZOUNHOUE/ATHIEMETEL 90-90-62-35","COMMERCEACHAT ET VENTE DE PRODUITS CONGELES-EXPLOITATION DE CABINE TELEPHONIQUE-ELEVAGE-MENUISERIE...DIVERS",ETABLISSEMENT,"","","","DISTRIBUTION PRODUITS ALIMENTAIRES",BENINOISE
24,240/A DU 23/11/10,ETS  CHEZ VENANVINON,"COME/AZANNOUTEL 97-49-99-12","COMMERCEALIMENTATION GENERALE-RESTAURATION-POISSONNERIE-PRODUITS VIVRIERS-FORESTIERS...DIVERS",ETABLISSEMENT,"","","","DISTRIBUTION PRODUITS ALIMENTAIRES",BENINOISE
25,"0045/A DU 21/06/05",ETS  CHRIST  ROI,LOKOSSA/ZOHOUNGO,"COMMERCECOMMERCE GENETAL ET DIVERS",ETABLISSEMENT,"","","",COMMERCE GENERAL,BENINOISE
26,"09/A/047 DU 10/02/09",ETS  CHRIST-ROI,"COME/SINGBETEL 90-91-06-80","SERVICEDEPOT PRODUITS SOBEBRA ET RESTAURATION-ALIMENTATION GENERALE-FORESTERIE-BTP..DIVERS",ETABLISSEMENT,"","","","HOTELLERIE - RESTAURATION",BENINOISE
27,"09-A-018 DU 29/01/09",ETS  COOL M-COOL,"AZOVE/DOKPONOUHOUETEL 90-05-51-16","INDUSTRIEBTP-QUINCAILLERIE-PRODUITS PETROLIERS-AGRICOLES-FORESTIERS-TROPICAUX...",ETABLISSEMENT,"","","",BATIMENTS - TP,BENINOISE
28,"08/A-228 DU 22/12/08",ETS  COURONNE DU DESTIN,"LOKOSSA/GUIBKOMEYTEL 97-72-29-21","COMMERCEBOUTIQUE-ALIMENTATION GENERALE ET DIVERS",ETABLISSEMENT,"","","","DISTRIBUTION PRODUITS ALIMENTAIRES",BENINOISE
29,012/A DU 22/01/03,ETS  DEGNON ET FILS,"AZOVE/ATCHOHOUETEL 22-49-54-81","COMMERCECOMMERCE GENERAL-MATERIELS D'ELECTRICITE-PIECES DETACHEES-QUINCAILLERIE ET DIVERS",ETABLISSEMENT,"","","",COMMERCE GENERAL,BENINOISE
30,"11-A-177 DU 11/07/11",ETS  DELALI,"ATHIEME/ATCHONTOETEL 97-71-10-26","COMMERCETRANSFORMATION ET COMMERCIALISATION D'HUILE -PRODUITS AGRICOLES-EXPLOITATION FORESTIERE...",ETABLISSEMENT,"","","","AGRICULTURE - ELEVAGE - PECHE",BENINOISE
31,"03/A/401 DU 17/12/03",ETS  DEP ' HORIZON,"COME/HONGODETEL 90-91-72-86","INDUSTRIEREPRESENTATION TELECOMMUNICATION-COMMERCE GENERAL-HABILLEMENT-ESTHETIQUE-EXPLOITATION DE CARRIERE...",ETABLISSEMENT,"","","","MINES - CARRIERES - HYDROCARBURES",BENINOISE
32,"10-A-010 DU 11/03/10",ETS  DEROPH  SERVICES,"AZOVE/GBOFOLYTEL 97-63-77-23","FOURNITURES ET EQUIPEMENTS DE BUREAU-TOPOGRAPHIE-GESTION IMMOBILIERE-RESTAURATION-PRODUITS PETROLIERS....",ETABLISSEMENT,"","","","LIBRAIRIE - PAPETERIE - BUREAUTIQUE",BENINOISE
33,"09-A-422 DU 23/04/09",ETS  DIEU EST GRAND-DB,"P/NOVO/DOWA TOHOUTEL 90-98-85-72/BP 76","INDUSTRIEENTRETIEN ET REALISATION DES TRAVAUX NEN GENIE CIVIL-COMMERCIALISATION DES PRODUITS SOBEBRA-COMMERCE GENERAL ET DIVERS",ETABLISSEMENT,"","","",BATIMENTS - TP,BENINOISE
34,R.B.-APL-13-A-001,ETS  DIEU EST SAINT,"APLAHOUE/APLAHOUE-CENTRETEL 95-03-83-09","COMMERCEPRODUITS FORESTIERS-QUINCAILLERIE-COMMERCE GENERAL ET DIVERS",ETABLISSEMENT,"","","","COMMERCIALISATION PRODUITS FORESTIERS",BENINOISE
35,"11-A-192 DU 27/07/11",ETS  DIEU MERCI,"COME/HONGODETEL 95-37-68-18","SERVICERESTAURATION-HOTELLERIE-SERVICE TRAITEUR-VENTE DE DIVERS...",ETABLISSEMENT,"","","","HOTELLERIE - RESTAURATION",BENINOISE
36,161/A DU 03/09/08,ETS  DIEU SEL-JEUNE TRANS,"DOGBO/TEL 97-24-17-38","COMMERCEACHAT ET VENTE DE MOTOS DE TOUS GENRES-PIECES DETACHEES-FOURNITURTES SCOLAIRES ET ARTICLES DE BUREAU...",ETABLISSEMENT,"","","",COMMERCE GENERAL,BENINOISE
37,552/A DU 01/09/94,ETS  ECBM,"LOKOSSA/GUINKOMEYTEL 22-41-13-46","COMMERCECOMMERCE GENERAL-EXPLOITATION FORESTIERE ET D'UNE ENTREPRISE DE CONSTRUCTION-ACHAT ET VENTE DE PRODUITS FORESTIERS....DIVERS",ETABLISSEMENT,"","","","QUINCAILLERIE MATERIAUX DE CONSTRUCTION",BENINOISE
38,"09-A-8781 DU 18/11/09",ETS  ECRIP,"COTONOU/SOUROU LERE/09BP 263TEL 97-44-43-28","INDUSTRIETERRASSEMENT-CONSTRUCTION GENERALE-BATIMENT-PAVAGE-OUVRAGE DE VOIE-ETUDE DE PROJET",ETABLISSEMENT,"","","",BATIMENTS - TP,BENINOISE
40,"08-A-3778 DU 17/03/08",ETS  ELITOS,"AB/CALAVI/SODOMEYTEL 97-27-17-41","SERVICEPRESTATION DE SERVICES EN BTP-ASSAINISSEMENT-ENVIRONNEMENTAL",ETABLISSEMENT,"","","",BATIMENTS - TP,BENINOISE
41,"11-A-477 DU 20/06/11","ETS  ESCALE DE LA FRONTIERE","AB/CALAVI/HILLA-CONDJITEL 97-15-94-75","COMMERCEBAR-RESTAURANT-SERVICES TRAITEUR-PRODUITS ALIMENTAIRES-FORESTIERS-TELECOMMUNICATION...",ETABLISSEMENT,"","","","DISTRIBUTION PRODUITS ALIMENTAIRES",BENINOISE
42,"10-A-9897 DU 23/03/10",ETS  ESENAM,"COTONOU/JERICHO/LOT 666-CTEL 90-03-22-06","COMMERCEACHAT ET VENTE DE PRODUIT ALIMENTAIRES",ETABLISSEMENT,"","","","DISTRIBUTION PRODUITS ALIMENTAIRES",BENINOISE
43,"08-A-4625 DU 21/07/08",ETS  ESPACE DIVIN,"AB/CALAVI/DEKOUNGBETEL 95-96-45-29","INDUSTRIEPRESTATION DE SERVICES EN BTP ET ASSAINISSEMENT ENVIRONNEMENTAL",ETABLISSEMENT,"","","",BATIMENTS - TP,BENINOISE
44,124/A DU 07/04/04,ETS  EXPERIENCE,LOKOSSA/TEL 95-42-13-24,"COMMERCEALIMENTATION GENERALE-ACHAT ET VENTE DE FOURNITURES DE BUREAU-QUINCAILLERIE-EXPLOITATION DE CARRIERE...",ETABLISSEMENT,"","","","DISTRIBUTION PRODUITS ALIMENTAIRES",BENINOISE
45,"RB LKS/03-A-114 DU 02/09",ETS  FACOS,"COME/DJAKOTETEL 95-96-97-32","COMMERCELIBRAIRIE-PAPETERIE-PRESSES-ARTICLES SCOLAIRES-BUREAUTIQUE-COMMERCE GENERAL ET DIVERS",ETABLISSEMENT,"","","","LIBRAIRIE - PAPETERIE - BUREAUTIQUE",BENINOISE
46,086/A DU 23/03/09,ETS  FRECO,TOVIKLIN/ZOHOUDJI,"INDUSTRIEBTP-GENIE CIVIL-QUINCAILLERIE-VENTE DE PRODUITS FORESTIERS-AGRICOLES...COMMERCE GENERAL ET DIVERS.",ETABLISSEMENT,"","","",BATIMENTS - TP,BENINOISE
47,"03/A/2687 DU 04/12/03",ETS  G. P. T. L.,LOKOSSA,"COMMERCEMECANIQUE-DIVERSES-PRESTATIONS-EXPLOITATION FORESTIERE-COMMERCE GENERAL ET DIVERS",ETABLISSEMENT,"","","","CONCESSIONNAIRES AUTO-MOTO",BENINOISE
48,RB LKS/13-M-095,ETS  GBB FRANCK CHRIST,"LOKOSSA/TAKON-ZONGO/CARREFOUR LA PAIXTEL 90-93-60-41","COMMERCEVENTE DE PIECES DETACHEES-TRANSPORT-MECANIQUE AUTO DIESEL-PETROLE LAMPANT ET LUBRIFIANT-....DIVERS",ETABLISSEMENT,"","","","PNEUMATIQUES ET VEHICULES D'OCCASION",BENINOISE
49,117/A DU 05/05/11,ETS  GELF - GROUP,"LOKOSSA/TAKON-ZONGOTEL 95-56-20-63","INDUSTRIEELECTRICITE INDUSTRIELLE-BATIMENT-VENTE DE MATERIELS ELECTRIQUES....",ETABLISSEMENT,"","","",AUTRES INDUSTRIES,BENINOISE
50,053/A DU 06/02/04,ETS  GENICO PLUS,"SAVALOU/DODOME/EN FACE DE COLOMBE STORETEL 97-53-53-99","COMMERCEACHAT ET VENTE DES FOURNITURES DE BUREAU-MATERIELS INFORMATIQUES-PRODUITS AGRICOLES-TROPICAUX...",ETABLISSEMENT,"","","","LIBRAIRIE - PAPETERIE - BUREAUTIQUE",BENINOISE
51,113/A DU 09/12/05,ETS  GENIE,"LOKOSSA/TCHIKOMEYTEL 90-04-37-01","SERVICECABINBET D'ETUDE-BTP-PRESTATION DE SERVICES-BUREAUTIQUE-ACHAT ET VENTE DE PRODUITS FORESTIERS....",ETABLISSEMENT,"","","",BATIMENTS - TP,BENINOISE
52,"09/A/145 DU 25/05/09",ETS  GLOIRE  A  DIEU,"HOUEYOGBE/AVEGODOUETEL 95-79-86-31","COMMERCEALIMENTATION GENERALE-POISSONNERIE-QUINCAILLERIE-PRODUITS TROPICAUX-FORETIERS...DIVERS",ETABLISSEMENT,"","","","DISTRIBUTION PRODUITS ALIMENTAIRES",BENINOISE
53,445/A DU 20/11/98,ETS  GODOME ET FILS,"AZOVE/DJIMADOHOUETEL 22-46-50-18","COMMERCEEXPLOITATION D'UNE SCIERIE-FABRICATION ET VENTE DE MATERIELS ET DIVERS",ETABLISSEMENT,"","","","COMMERCIALISATION PRODUITS FORESTIERS",BENINOISE
54,"03/A/107 DU 19/03/03",ETS  GOLOU ET FILS,"COME/LOM-NAVATEL 22-43-05-06","COMMERCETELECENTRE-PRODUITS ¨PHARMACEUTIQUES-FORESTIERS-ALIMENTATION GENERALE..",ETABLISSEMENT,"","","","DISTRIBUTION AUTRES PRODUITS",BENINOISE
55,857/A DU 24/03/00,ETS  H. H.,"LOKOSSA/AGONVETEL 95-40-16-55","COMMERCEMENUISERIE-SCIERIE-ACHAT ET VENTE DE PRODUITS FORESTIERS ET DIVERS",ETABLISSEMENT,"","","","COMMERCIALISATION PRODUITS FORESTIERS",BENINOISE
56,04-A-0678,ETS  HAC - BTP,COTONOU/FIFADJI,"SERVICEPRESTATION DE SERVICE EN BTP-ACHAT ET VENTE DE MATERIAUX DE CONSTRUCTION",ETABLISSEMENT,"","","",BATIMENTS - TP,BENINOISE
57,08/A/149,ETS  J- EXAU,"HOUEDANOU COFFI J./LOKOSSA/GUINKOMEY/TEL 95-28-83-01","BTP-GENIE CIVIL-HYDRAULIQUE VILLAGEOISE ET URBAINE-SUPER MARCHE-COMMERCE GENERAL ET DIVERS-ALIMENTATION-QUINCAILLERIE",ETABLISSEMENT,"HOUEDANOU COFFI J./LOKOSSA/GUINKOMEY","","","",BENINOISE
58,134/A,ETS  KOMLAN ET FILS,"LANTA/EHUZU/PLACE PUBLIQUETEL 64-11-68-40","COMMERCEPRODUITS PETROLIERS-FORESTIERS-BTP-MATERIAUX DE CONSTRUCTION-QUINCAILLERIE-MERCERIE-COMMERCE GENERAL ET DIVERS",ETABLISSEMENT,"","","","DISTRIBUTION PRODUITS ALIMENTAIRES",BENINOISE
60,"2607/A DU 23/06/99",ETS  LA  VAILLANCE,LOKOSSA,"COMMERCEACHAT ET VENTE DE PRODUITS DE FROID-SOBEBRA-CAFETARIA-BAR-RESTAURANT ET DIVERS",ETABLISSEMENT,"","","",COMMERCE GENERAL,BENINOISE
61,"09/A/188 DU 09/07/09",ETS  LA COURONNE D'OR,COME/HONGODE,"SERVICEHOTEL & AUTRES MOYENS D'HEBERGEMENT DE COURTE DUREE-RESTAURATION-MAROQUINERIE-ALIMENTATION GENERALE....",ETABLISSEMENT,"","","","HOTELLERIE - RESTAURATION",BENINOISE
62,"05-A-0032 DU 14/04/05",ETS  LA DIFFERENCE,LOKOSSA/AGNIVEDJI/TEL 94-69-72-78,"COMMERCECOMMERCE GENERAL-ALIMENTATION GENERALE ET DIVERS-BTP-PRESTATIONS DE SERVICES",ETABLISSEMENT,"","","",COMMERCE GENERAL,BENINOISE
63,244/A DU 30/11/10,"ETS  LA LUMIERE DE L’ETERNEL","AZOVE/GBOFOLYTEL 93-06-56-65","COMMERCEMATERIAUX DE CONSTRUCTION-PRODUITS PETROLIERS-AGRICOLES-FORESTIERS-SOBEBRA-DIVERS",ETABLISSEMENT,"","","","QUINCAILLERIE MATERIAUX DE CONSTRUCTION",BENINOISE
64,10-A-150,ETS  LA LUMIERE DU CHRIST,"AZOVE/KPACOMEYTEL 95-15-54-48","COMMERCEVENTE DE TISSUS-LAYETTE-BIJOUTERIE-CHAUSSURES-PRET-A-PORTER...DIVERS",ETABLISSEMENT,"","","","FRIPERIE ET AUTRES ARTICLES D'OCCASION",BENINOISE
65,079/A DU 13/06/03,ETS  LA PATIENCE,LOKOSSA,"COMMERCEMAINTENANCE DE VEHICULES-COMMERCE GENERAL ET DIVERS",ETABLISSEMENT,"","","","CONCESSIONNAIRES AUTO-MOTO",BENINOISE
66,258/A DU 14/11/02,ETS  LA PATIENCE D’OR,"COME/HONGODETEL 22-43-08-63","COMMERCEVENTE DE PRODUITS   FORESTIERS-DE MATERIAUX DE CONSTRUCTION-QUINCAILLERIE…BTP-DIVERS",ETABLISSEMENT,"","","","QUINCAILLERIE MATERIAUX DE CONSTRUCTION",BENINOISE
67,"10-A-10039 DU 08/04/10",ETS  LE  ROCS,COTONOU/CADJEHOUN 4,"INDUSTRIEPRESTATION DE SERVICES EN BTP-ACHAT ET VENTE DE FOURNITURES DE BUREAU ET MATERIELS INFORMATIQUES",ETABLISSEMENT,"","","",BATIMENTS - TP,BENINOISE
68,807/A DU 04/02/10,ETS  LE GROUPE  CATHOM,"AZOVE/GBOFOLYTEL 97-99-77-49","INDUSTRIEBTP-ASSAINISSEMENT ET EQUIPEMENTS DE BUREAU-LOCATION DE CHAISES ET VEHICULES...",ETABLISSEMENT,"","","",BATIMENTS - TP,BENINOISE
69,"07/A/0105 DU 02/11/07",ETS  LE SOURIRE,"COME/AZANNOUTEL 95-34-49-89","INDUSTRIETRAVAUX DE TOPOGRAPHIE-BTP-GENIE CIVIL ET DIVERS",ETABLISSEMENT,"","","",BATIMENTS - TP,BENINOISE
70,"11-A-352 DU 27/10/11",ETS  LE SUCCES,"LOKOSSA/SAGUE-ZOUNHOUETEL 95-96-30-44","COMMERCEFOURNITURES DE BUREAU-INFORMATIQUE-SOBEBRA-GSM....",ETABLISSEMENT,"","","","LIBRAIRIE - PAPETERIE - BUREAUTIQUE",BENINOISE
71,"5599/A DU 09/02/99",ETS  LEATOS,"COME/HONGODETEL 93-20-33-20","INDUSTRIECOMMERCE GENERAL-EXPLOITATION DE CARRIERE-PRODUITS AGRICOLES-FORESTIERS ET DIVERS",ETABLISSEMENT,"","","","MINES - CARRIERES - HYDROCARBURES",BENINOISE
72,"RB/ODH/07-A-153 DU 06/07/",ETS  LES NAIADES,"G.POPO/EWE CODJITEL 96-20-26-64","COMMERCEPRODUITS COSMETIQUES-ARTICLES DE MER ET DE PISCINE-DIVERSES PRESTATIONS DE SERVICES",ETABLISSEMENT,"","","",COMMERCE GENERAL,BENINOISE
73,"05/A/092 DU 01/10/05",ETS  LES RONIERS,"SE/HONNOUGBOTEL 95-86-22-36","INDUSTRIEACHAT ET VENTE DE GRAVIERS ET SABLE-RESTAURATION-PRODUITS TROPICAUX-SOBEBRA....DIVERS",ETABLISSEMENT,"","","","MINES - CARRIERES - HYDROCARBURES",BENINOISE
74,"08-A-4169 DU 05/05/08",ETS  LION BAR,"GRAND-POPO/PLAGETEL 95-42-05-17","SERVICEEXPLOITATION D'UN BAR-RESTAURANT ET DIVERS",ETABLISSEMENT,"","","","HOTELLERIE - RESTAURATION",BENINOISE
75,175/A DU 15/07/10,ETS  MATHILDE MAWUGNON,"COME/HONGODETEL 95-45-58-32","COMMERCEDEBIT DE BOISSONS-PRODUITS FORESTIERS-VIVRIERS-COSMETIQUES-MARAICHERS-GSM..DIVERS",ETABLISSEMENT,"","","",COMMERCE GENERAL,BENINOISE
76,"11-A-337 DU 12/10/11",ETS  MECONO & FILS,"LOKOSSA/AGNIVEDJITEL 95-81-74-72","COMMERCEPRODUITS AGRICOLES-FORESTIERS-SOBEBRA-VENTE DE GRAVIER-QUINCAILLERIE-BTP-COMMERCE GENERAL ET DIVERS",ETABLISSEMENT,"","","","AGRICULTURE - ELEVAGE - PECHE",BENINOISE
77,339/A DU 17/10/11,ETS  MEGAN  ET  FILS,"TOVIKLIN/TANNON AVEDJITEL 95-86-52-31","PETROLE LAMPANT-LUBRIFIANT-PRODUITS GSM-SOBEBRA-BUREAUTIQUE-COSMETIQUE..DIVERS",ETABLISSEMENT,"","","","MINES - CARRIERES - HYDROCARBURES",BENINOISE
78,138/A DU 08/05/09,ETS  MIFAC-BENIN,"LOKOSSA/ZOHOUNGO IITEL 96-00-65-51","INDUSTRIEBTP-GENIE CIVIL ET RURAL-HOTELLERIE-REPRESENTATION-VENTE DE MATERIELS INFORMATIQUES...DIVERS",ETABLISSEMENT,"","","",BATIMENTS - TP,BENINOISE
80,583/A DU 23/03/95,ETS  PADIL,"HOUNGA KPEDONOU NOEL/TEL 22-41-19-42/LOKOSSA",PAPETERIE ET DIVERS,ETABLISSEMENT,"HOUNGA KPEDONOU NOEL/TEL 22-41-19-42/LOKOSSA","","","",BENINOISE
81,"09/A/085 DU 23/03/09",ETS  PETIT A PETIT,"AZOVE/GBOFOLYTEL 97-85-84-41","COMMERCEQUINCAILLERIE-VENTE DE PRODUITS AGRICOLES-FORESTIERS-TROPICAUX-FOURNITURES DE BUREAU...DIVERS",ETABLISSEMENT,"","","","QUINCAILLERIE MATERIAUX DE CONSTRUCTION",BENINOISE
82,"11-A-12542 DU 12/05","ETS  RECORD INTERNATIONAL","COTONOU/AGLATEL 96-27-76-09","SERVICEBTP-BUREAUTIQUE-MATERIELS INFORMATIQUES-ENTRETIEN DES BATIMENTS...",ETABLISSEMENT,"","","",BATIMENTS - TP,BENINOISE
83,9728/A,ETS  S & C  BUSINESS,"COTONOU/FIDJROSSE03BP 2024/TEL 21-14-23-51","SERVICEPRESTATION DE SERVICE EN COMMUNICATION & ACTIVITES CULTURELLES",ETABLISSEMENT,"","","",TELECOMS & NTIC,BENINOISE
84,10-A-080,ETS  SAD & FILS,SOSSOU JACQUES/COME,"BUREAUTIQUE-BTP-QUINCAILLERIE-CONSOMMABLES INFORMATIQUES-PRODUITS GSM-SOBEBRA-FORESTIERS-PETROLIERS....DIVERS",ETABLISSEMENT,"SOSSOU JACQUES/COME","","","",BENINOISE
85,"09/A/087 DU 23/03/09",ETS  SADAC,"AZOVE/GBOFOLYTEL 96-02-50-23","COMMERCEVENTE DE PEINTURE-MATERIAUX DE CONSTRUCTION-PRESTATION DE SERVICE-COMMERCE GENERAL ET DIVERS",ETABLISSEMENT,"","","","QUINCAILLERIE MATERIAUX DE CONSTRUCTION",BENINOISE
86,"02/4127-A DU 19/12/02",ETS  SKT  ZOMAHOUN,COME/AZANNOU,"COMMERCECOMMERCE GENERAL-VENTE DES PRODUITS DE LA SOBEBRA-CABINE TELEPHONIQUE ET DIVERS",ETABLISSEMENT,"","","",COMMERCE GENERAL,BENINOISE
87,5915/A,ETS  V. DOUBLEE,"AZANNOU/COMETEL 95-28-21-18","SERVICEBAR-RESTAURANT-BUVETTE ET DIVERS",ETABLISSEMENT,"","","","HOTELLERIE - RESTAURATION",BENINOISE
88,"09-A-7330 DU 05/06/09",ETS  VICTORIA,"COTONOU/GODOMEY/01BP 2421/TEL 97-44-20-68","INDUSTRIETRAVAUX DE GENIE CIVIL-PROMOTION IMMOBILIERE-HOTELLERIE-ACHAT ET VENTE MATERIAUX DE CONSTRUCTION..",ETABLISSEMENT,"","","",BATIMENTS - TP,BENINOISE
89,187/A DU 08/07/09,ETS  YESULONM,"TOGAN THEODORE/TEL 90-66-65-62/AZOVE/CHIOUNDEHOUE","ACHAT ET VENTE DE PRODUITS ALIMENTAIRES ET DES BOISSONS-QUINCAILLERIE-INFORMATIQUE ET CONSOMMABLES-BUREAUTIQUE-BTP.....",ETABLISSEMENT,"TOGAN THEODORE/TEL 90-66-65-62/AZOVE/CHIOUN","","","",BENINOISE
90,116/A DU 19/06/08,ETS  ZAGOS,"AZOVE/EKINHOUETEL 90-91-99-55","COMMERCECOMMERCE GENERAL-VENTE DE PIECES DETACHEES-AUTO-MOTO ET MOULIN-ENGRAIS....DIVERS",ETABLISSEMENT,"","","",COMMERCE GENERAL,BENINOISE
91,"12-A-009 DU 16/01/12",ETS 100 % (MASSIKOU & FILS),"OUMAKO/SIVAMETEL 95-06-17-69","COMMERCEALIMENTATION-QUINCAILLERIE-EXPLOITATION FORESTIERE-EXPLOITATION D'EAU-PRODUITS COSMETIQUES..",ETABLISSEMENT,"","","","DISTRIBUTION PRODUITS ALIMENTAIRES",BENINOISE
92,11/A/066,ETS A M COSMETIKA,"AVOCAN MARIE MADELEINE PAULINE/TEL 97-77-91-96/LOKOSSA/TCHIKOMEY","COSMETIQUE-ALIMENTATION GENERALE-VENTE DE TISSUS-LAYETTE-MERCERIE-PRODUITS VIVRIERS ET DIVERS",ETABLISSEMENT,"AVOCAN MARIE MADELEINE PAULINE/TEL 97-7791-","","","",BENINOISE
93,"01-A-0846 DU 11/10/2000",ETS A.R.E.C. ET FILS,"COTONOU/GBEGAMEYTEL 21-30-73-75","COMMERCEAMENAGEMENT-ACHAT ET VENTE DE MATERIELS ET FOURNITURES DE BUREAU",ETABLISSEMENT,"","","","LIBRAIRIE - PAPETERIE - BUREAUTIQUE",BENINOISE
94,"06-A-133 DU 18/08/06",ETS ADELIGBE ET FILS,"LOKOSSA/GLO-GUINKOMEYTEL 97-44-87-02","COMMERCEQUINCAILLERIE-PRESTATION DE SERVICES ET CONSOMMABLES INFORMATIQUES-VENTE DES PRODUITS FORESTIERS...DIVERS",ETABLISSEMENT,"","","","QUINCAILLERIE MATERIAUX DE CONSTRUCTION",BENINOISE
95,115/A DU 17/04/09,ETS ADIAC-MULTI SERVICES,"AZOVE/GBOFOLYTEL 90-01-74-48","SERVICEMAINTENANCE-FORMATION-ETUDE-RECHERCHE-INFORMATIQUE-BUREAUTIQUE...DIVERS",ETABLISSEMENT,"","","",TELECOMS & NTIC,BENINOISE
96,066/A DU 16/03/05,ETS ADJOS ET FILS,"LOKOSSA/AHOUAMEYTEL 95-42-33-45","SERVICERESTAURATION-PRESTATION DE SERVICES-ACHAT ET VENTE FOURNITURES DE BUREAU-POISSONNERIE-PRODUITS VIVRIERS..",ETABLISSEMENT,"","","","HOTELLERIE - RESTAURATION",BENINOISE
97,677/A DU 15/05/97,"ETS AGBEHOUNDJINAN L'ARC-EN-CIEL","AZOVE/EKINHOUETEL 95-34-90-97","SERVICECOMMERCE GENERAL-EXPLOITATION D'UN BAR-RESTAURANT-EXPLOITATION D'UNE SCIERIE...",ETABLISSEMENT,"","","","HOTELLERIE - RESTAURATION",BENINOISE
98,R.B.-APL-13-A-003,ETS AGBI ET FILS,"KLOUEKANME/AGBIHOUETEL 97-44-20-88","COMMERCEVENTE DE PRODUITS PHARMACOPES ET DIVERS",ETABLISSEMENT,"","","","DISTRIBUTION AUTRES PRODUITS",BENINOISE
100,057/A DU 22/02/10,ETS AKODJINOU-STSA,"VLAVONOU DOSSEVI MARIUS/TEL 95-86-13-22/LOKOSSA","EXPLOITATION D'UN ATELIER DE SOUDURE-QUINCAILLERIE-PIECES DETACHEES-PEINTURES-COMMERCE GENERAL ET DIVERS",ETABLISSEMENT,"VLAVONOU DOSSEVI MARIUS/TEL 95-86-13-22/LOKOSSA","","","",BENINOISE
101,100/A,ETS AKPAGBE & FILS,"AKPAGBE JACQUES/TEL 90-02-97-48/TCHIKOMEY/LOKOSSA","BTP-EXPLOITATION FORESTIERE-QUINCAILLERIE-PRODUITS SOBEBRA-PETROLIERS-VIVRIERS-ACHAT ET VENTE DE PIECES DETACHEES-HEBERGEMENT-RESTAURATION....",ETABLISSEMENT,"AKPAGBE JACQUES/TEL 90-02-97-48/TCHIKOMEY/LO","","","",BENINOISE
102,852/A DU 09/03/00,ETS ALLELUIA,"AZOVE/ATCHOHOUE/TEL 22-49-40-37","COMMERCEQUINCAILLERIE ET DIVERS",ETABLISSEMENT,"","","",COMMERCE GENERAL,BENINOISE
103,289/A DU 26/09/11,"ETS AMEUBLEMENT TONGNINVIADJI","COME/HONGODETEL 90-97-00-03","COMMERCETOUS TRAVAUX DE MENUISERIE-PRODUITS FORESTIERS-QUINCAILLERIEBAR-RESTAURANT....ET DIVERS",ETABLISSEMENT,"","","","COMMERCIALISATION PRODUITS FORESTIERS",BENINOISE
104,RB/ODH/13-A-008,ETS AMOU & FILS,"COME/HONGODE/DERRIERE EGLISE PENTECOTETEL 96-45-31-10","COMMERCEFOURNITURES DE BUREAU  ET DIVERS",ETABLISSEMENT,"","","","LIBRAIRIE - PAPETERIE - BUREAUTIQUE",BENINOISE
105,"11/A/069 DU 07/03/11","ETS AMOUSSOU EDMOND KUASSI","LOKOSSA/TCHIKOMEYTEL 93-80-87-78","COMMERCETOUS TRAVAUX DE PLOMBERIE-PRODUITS FORESTIERS-VIVRIERS-GSM-PRET-A-PORTER....",ETABLISSEMENT,"","","",COMMERCE GENERAL,BENINOISE
106,07-A-053,ETS ARLC-BTP,"LOKOSSA/AGONVETEL 95-45-31-20","COMMERCECOMMERCE GENERAL-BTP-QUINCAILLERIE",ETABLISSEMENT,"","","",BATIMENTS - TP,BENINOISE
107,"RB/ODH/03-A-168 DU 09/05/",ETS AS S U R A N C E - BAR,"COME/HONGODETEL 95-49-02-17","SERVICERESTAURATION-AUBERGE-ACHAT ET VENTE DES CASSETTES-PRODUITS SOBEBRA-FORESTIERS-QUINCAILLERIE..",ETABLISSEMENT,"","","","HOTELLERIE - RESTAURATION",BENINOISE
108,730/A DU 19/05/98,ETS AU PALAIS DU PLAISIR,"ATHIEME/GBEDJI/ VONS CFA0TEL 95-06-34-32","COMMERCECOMMERCE GENERAL-MERCERIE-QUINCAILLERIE-PRODUITS PETROLIERS-AGRICOLES ET DIVERS",ETABLISSEMENT,"","","",COMMERCE GENERAL,BENINOISE
109,RB LKS/11-A-150,ETS AUBAINE II,"DOGBO/AGONVE/LOKOSSA/ A COTE DEPOT H4TEL 97-53-34-49/BP 77","COMMERCEQUINCAILLERIE-NOIX PALMISTE-PRODUITS AGRICOLES ET TROPICAUX-COMMERCE GENERAL ET DIVERS",ETABLISSEMENT,"","","","LIBRAIRIE - PAPETERIE - BUREAUTIQUE",BENINOISE
110,679/A,ETS AWADAGBE,"DOKO-CENTRE/TOVIKLIN/PLACE PUBLIQUETEL 97-77-75-45","COMMERCEACHAT ET VENTE DE MARCHANDISES DIVERSES",ETABLISSEMENT,"","","",COMMERCE GENERAL,BENINOISE
111,11/A/106,ETS AYA SERVICES,ADAM ADAM/LOKOSSA/TEL 95-70-28-78,"GENIE CIVIL-ETUDE ET CONCEPTION-ASSAINISSEMENT ET VRD-PRODUITS FORESTIERS-TROPICAUX-SOBEBRA-ALIMENTATION...DIVERS",ETABLISSEMENT,"ADAM ADAM/LOKOSSA/TEL 95-70-28-78","","","",BENINOISE
112,09-A-7248,ETS AZIKO-SERVICES,DEKOUNGBE ILOT 8 - Q,"INDUSTRIEGESTION DE STATION SERVICE-ACHAT ET VENTE DE LUBRIFIANTS ET DE PRODUITS DE LA BRASSERIE-ALIMENTATION GENERALE",ETABLISSEMENT,"","","","ENERGIE - EAU - ENVIRONNEMENT",BENINOISE
113,A-351 DU 30/09/10,ETS BAB-BTP,"PARAKOU/ALBARIKATEL 95-27-89-73","INDUSTRIEBATIMENTS ET TRAVAUX PUBLICS-ASSAINISSEMENT-ACHAT  ET VENTE DE PRODUITS AGRICOLES ET FORESTIERS.....",ETABLISSEMENT,"","","",BATIMENTS - TP,BENINOISE
114,"15248/A DU 30/04/90","ETS BAR RESTAURANT FREEDOM",LOKOSSA,"SERVICEEXPLOITATION D'UN BAR-RESTAURANT ET DIVERS",ETABLISSEMENT,"","","","HOTELLERIE - RESTAURATION",BENINOISE
115,383/A DU 24/04/87,ETS BAZARE DU COURAGE,HOUEYOGBE/DOUTOU,"COMMERCEEXPLOITATION D'UN DEBIT DE BOISSONS-ACHAT ET VENTE DE PIECES DETACHEES ET DIVERS",ETABLISSEMENT,"","","",COMMERCE GENERAL,BENINOISE
116,033/A DU 27/02/05,ETS BED ET FILS,"COME/HONGODETEL 96-96-32-20","COMMERCEVENTE DE PIECES DETACHEES -BUREAUTIQUE..DIVERS",ETABLISSEMENT,"","","",COMMERCE GENERAL,BENINOISE
117,A-167 DU 07/07/08,ETS BEL AWA,"AZOVE/GBOFOLYTEL 98-35-98-44","COMMERCEMATERIAUX DE CONSTRUCTION-QUINCAILLERIE-ET DIVERS",ETABLISSEMENT,"","","","QUINCAILLERIE MATERIAUX DE CONSTRUCTION",BENINOISE
118,255/A DU 22/09/09,ETS BONACO,"LOKOSSA/AHOUAME/EN FACE ECOBANK TEL 93-58-52-75","SERVICEFOURNITURES D'ACCES AUX RESEAUX DE TELECOMMUNICATION-GSM-APPAREILS ELECTRONIQUES-ELECTROMENAGERS..COMMERCE GENERAL",ETABLISSEMENT,"","","",TELECOMS & NTIC,BENINOISE
120,"09/A /227 DU 13/08/09",ETS BOULANGERIE SLC,"LOKOSSA/TCHIKOMEYTEL 95-15-08-44","COMMERCEPATISSERIE-BOULANGERIE-ALIMENTATION GENERALE-DECORATION..ET DIVERS",ETABLISSEMENT,"","","","INDUSTRIE - BOULANGERIE",BENINOISE
121,"11-A-542 DU 12/07/11",ETS BUILD  AFRICA  GROUP,"AB-CALAVI/GBETAGBOTEL 95-37-17-17","COMMERCEACHAT ET VENTE DE PRODUITS AGRICOLES-VIVRIERS ET FORESTIERS-BTP ET OUVRAGE..",ETABLISSEMENT,"","","","AGRICULTURE - ELEVAGE - PECHE",BENINOISE
122,"10-A-9400 DU 05/02/10",ETS CAPOCHE,COTONOU/WOLOGUEDE,"SERVICEACHAT ET VENTE DES MATERIELS INFORMATIQUES",ETABLISSEMENT,"","","",TELECOMS & NTIC,BENINOISE
123,172/A DU 16/06/09,ETS CASH EXPRESS,"COME/AZANNOU/SUR LA VOIE INTER-ETAT HILLACONDJITEL 95-45-46-03","SERVICECOMMERCE GENERAL-BUREAU DE CHANGE-POINT DE TRANSFERT (WERSTERN UNION)",ETABLISSEMENT,"","","","BANQUES & ETABLISSEMENTS FINANCIERS",BENINOISE
124,229/A DU 18/08/09,"ETS CENTRE D'ART LITURGIQUE","SE/LOGOHOUETEL 95-71-03-47","COMMERCECONFECTION D'ORNEMENTS SACERDOTAUX-BUREAUTIQUE-TISSUS-FRIANDISES-ALIMENTATION ET DIVERS",ETABLISSEMENT,"","","","ACHAT ET VENTE DE TISSUS",BENINOISE
125,"09/A/134 DU 23/04/09",ETS CO.S.DE.C.COM,"COME/HONGODETEL 95-79-14-51","SERVICECOMMUNICATION-REGI PUBLICITAIRE-INFORMATIQUE-BUREAUTIQUE-TOUS PRODUITS GSM...",ETABLISSEMENT,"","","",TELECOMS & NTIC,BENINOISE
126,08-A-081,ETS CREDO,"KPOBLI PASCALINE/TEL 22-41-02-41/LOKOSSA/GUINKOMEY","COUTURE-LAYETTE-RESTAURATION-VENTE DE TENUES VESTIMENTAIRES-PRODUITS VIVRIERS-SOBEBRA-PETROLIERS-GSM ET ACCESSOIRES...",ETABLISSEMENT,"KPOBLI PASCALINE/TEL 22-41-02-41/LOKOSSA/GUIN","","","",BENINOISE
127,181/A DU 01/07/09,ETS DAGOUDO ET FILS,"AZOVE/DJIMADOHOUETEL 93-85-17-03","COMMERCEACHAT ET VENTE DE VETEMENTS-PRODUITS COSMETIQUES-AGRICOLES-FORESTIERS-QUINCAILLERIE..",ETABLISSEMENT,"","","","FRIPERIE ET AUTRES ARTICLES D'OCCASION",BENINOISE
128,"02/A/030 DU 21/02/02",ETS DANSOU & FILS,AGAME/TEL 97-47-67-51,"COMMERCECOMMERCE GENERAL-QUINCAILLERIE-ALIMENTATION-PRODUITS FORESTIERS...DIVERS",ETABLISSEMENT,"","","","QUINCAILLERIE MATERIAUX DE CONSTRUCTION",BENINOISE
129,"11/A/210 DU 23/08/11",ETS DHOSSOU ET FILS,"BOPA/TCHANHOUETEL 97-46-78-33","SERVICEDEBIT DE BOISSONS-TOURISME-HOTELLERIE-RESTAURATION-PRODUITS FORESTIERS-BTP-SERVICE TRAITEUR-DIVERS",ETABLISSEMENT,"","","","HOTELLERIE - RESTAURATION",BENINOISE
130,"08-A215 DU 01/12/08",ETS DJINARE & FILS,"ABO GHISLAINE MARCELLE/TEL 96-11-81-34/LOKOSSA/AGNIVEDJI","FOURNITURES DE BUREAU-EQUIPEMENT-PRODUITS GSM ET CABINE-COMMERCE GENERAL ET DIVERS",ETABLISSEMENT,"ABO GHISLAINE MARCELLE/TEL 96-11-81-34/LOKOSSA/AGNI","","","",BENINOISE
131,"9844/A DU 17/03/10",ETS EMPIORE DU NEGOCE,KPANOU MARIUS/TEL 95-18-78-09/BOPA,COMMERCE GENERAL-BTP-PRESTATIONS DE SERVICES ET DIVERS,ETABLISSEMENT,"KPANOU MARIUS/TEL 95-18-78-09/BOPA","","","",BENINOISE
132,56/A,ETS ESPERANCE,NOUTEHOU A. BERNADETTE/COME/TEL 95-97-70-30,ACHAT ET VENTE DE MARCHANDISES DIVERSES,ETABLISSEMENT,"NOUTEHOU A. BERNADETTE/COME/TEL 95-97-70-30","","","",BENINOISE
133,"09/A/166 DU 17/06/09",ETS ESPOIR TELECOM,"LOKOSSA/GUINKOMEYTEL 95-42-76-97","COMMERCEFOURNITURES D'ACCES AUX RESEAUX DE TELECOMMUNICATION GSM ET ACCESSOIRES ET DIVERS",ETABLISSEMENT,"","","",TELECOMS & NTIC,BENINOISE
134,"10-A-310 DU 03/11/10",ETS ETOGEC-TP,"AB-CALAVI/MISSESSINTOTEL 66-04-15-25","INDUSTRIE-TOPOMETRE-BTP-QUINCAILLERIE-DIVERSES PRESTATIONS DE SERVICES",ETABLISSEMENT,"","","",BATIMENTS - TP,BENINOISE
135,"06/A/0164 DU 16/11/06",ETS FIFONSI ET FILS,LOKOSSA,"INDUSTRIEFORAGE MANUEL DE PUITS A GRAND DIAMETRE-EXPLOITATION FORESTIERE-QUINCAILLERIE....",ETABLISSEMENT,"","","","ENERGIE - EAU - ENVIRONNEMENT",BENINOISE
136,241/A DU 01/09/09,ETS FREDAC,"AZOVE/KPACOMETEL 95-35-29-01","SERVICETELECOMMUNICATION-PATISSERIE-BLANCHISSERIE-IMPRIMERIE-SERIGRAPHIE-COMMERCE GENERAL ET DIVERS",ETABLISSEMENT,"","","",TELECOMS & NTIC,BENINOISE
137,01/A/186 DU 22/11,ETS GAP-BENIN,GAMAVO PIERRE/DJAKOTE/COME,PAPETERIE-BUREAUTIQUE-COMMERCE GENERAL,ETABLISSEMENT,"GAMAVO PIERRE/DJAKOTE/COME","","","",BENINOISE
138,"08/A/5100 DU 10/10/08",ETS GD MULTI-SERVICES,"ABOMEY-CALAVITEL 95-05-79-67","SERVICEACHAT ET VENTE DE MATERIELS INFORMATIQUES ET BUREAUTIQUES",ETABLISSEMENT,"","","",TELECOMS & NTIC,BENINOISE
140,022/A DU 16/02/06,ETS GENERAL STORE,"SE/GBADAGLITEL 97-48-38-33","COMMERCEEXPLOITATION D'UN DEPOT DE PRODUITS PHARMACEUTIQUES-QUINCAILLERIE-PRODUITS FORESTIERS-VIVRIERS-SOBEBRA-RESTAURATION..",ETABLISSEMENT,"","","","DISTRIBUTION AUTRES PRODUITS",BENINOISE
141,"10/A/239 DU 18/11/10",ETS GRAC ' OPTIK,"LOKOSSA/GLO-GUINKOMETEL 22-00-71-78","COMMERCELUNETTERIE TELECOMMUNICATION-VETEMENT ET DIVERS",ETABLISSEMENT,"","","",COMMERCE GENERAL,BENINOISE
142,"08-A-125 DU 07/07/08",ETS GROUPE IMMACULEE,"AZOVE/GBOFOLYTEL 22-46-50-83","SERVICEHOTELLERIE-TOURISME-RESTAURATION-TELECOMMUNICATION-SERVICE TRAITEUR-AGENCE DE VOYAGE..DIVERS",ETABLISSEMENT,"","","","HOTELLERIE - RESTAURATION",BENINOISE
143,"11-A-12.960 DU 11/07/11",ETS HARYS  SERVICES,"COTONOU/AGONTIKONTEL 95-95-22-84","COMMERCEACHAT ET VENTE DE PRODUITS COSMETIQUES ET PARFUMERIE-PRESTATION DE SERVICES EN COMMUNICATION",ETABLISSEMENT,"","","",COMMERCE GENERAL,BENINOISE
144,390-A DU 09/06/90,ETS HAYA MADELEINE,"COME/HONGODETEL 22-43-00-92","COMMERCEACHAT ET VENTE DE MARCHANDISES DIVERSES",ETABLISSEMENT,"","","",COMMERCE GENERAL,BENINOISE
145,132/A DU 29/04/09,ETS HENADOU & FILS,"AZOVE/EKINHOUETEL 90-92-09-31","COMMERCEABATAGE ET VENTE DE LA VIANDE-POISSONNERIE-QUINCAILLERIE-BAR-RESTAURANT-BUVETTE-ALIMENTATION GENERALE...",ETABLISSEMENT,"","","","DISTRIBUTION PRODUITS ALIMENTAIRES",BENINOISE
146,"0056/A DU 23/04/03",ETS HONBERCOM-MARTOS,"KLOUEKANME/EGBOHOUETEL 23-46-32-79","INDUSTRIEBOULANGERIE-PATISSERIE-SCIERIE-COMMERCE GENERAL",ETABLISSEMENT,"","","","INDUSTRIE - BOULANGERIE",BENINOISE
147,208/A DU 10/06/10,ETS HOTEL TROPICANA,"COTONOU/ZOGBOTEL 97-69-39-57","SERVICEHOTELLERIE-PRESTATIONS DIVERSES",ETABLISSEMENT,"","","","HOTELLERIE - RESTAURATION",BENINOISE
148,R.B.-APL-13-A-004,ETS HOUEDANOU ET FILS,"KISSAMEY/APLAHOUETEL 97-51-40-92","COMMERCEALIMENTATION GENERALE-BTP-MATERIAUX DE CONSTRUCTION-VENTE DE BOISSONS DE BRASSERIE..",ETABLISSEMENT,"","","","DISTRIBUTION PRODUITS ALIMENTAIRES",BENINOISE
149,664/A DU 13/03/97,ETS HOUNKPATIN ET FILS,LOKOSSA,"INDUSTRIEEXPLOITATION D'UN ATELIER DE FABRICATION DE CLE-MINUTE-PLASTIFICATION ET DIVERS",ETABLISSEMENT,"","","","INDUSTRIES MANUFACTURIERES",BENINOISE
150,"0039/A DU 06/04/04",ETS HOUNLETE ET FILS,LOKOSSA,"COMMERCECOMMERCE GENERAL-QUINCAILLERIE-FOURNITURES DE BUREAU-VENTE DE MATERIELS ELECTRIQUES....",ETABLISSEMENT,"","","","QUINCAILLERIE MATERIAUX DE CONSTRUCTION",BENINOISE
151,A/018 DU 03/03/06,ETS IGORE ET FRERES,"ZOGBEDJI/LOKOSSA/A COTE COMMISSARIATTEL TEL 22-41-15-47","COMMERCECONSOMMABLES & EQUIPEMENTS MEDICAUX",ETABLISSEMENT,"","","","DISTRIBUTION AUTRES PRODUITS",BENINOISE
152,RB LKS/11-A-060,"ETS INFOTEC - BUREAUTIQUE ( NG )","LOKOSSA /AGONVE/EN FACE ECOBANK  TEL/95.52.41.96","COMMERCEPHOTOCOPIE-SAISIE-RELIURE- MAINTENANCE INFORMATIQUE ET CONSOMMABLE -..........DIVERS",ETABLISSEMENT,"","","","LIBRAIRIE - PAPETERIE - BUREAUTIQUE",BENINOISE
153,0039/A,ETS J. B. ENTREPRISE,"HESSOU JEAN-BOSCO/TEL 22-46-30-32/DAHOUE/DOGBO","EXPLOITATION DE CABINE TELEPHONIQUE-DE CARRIERE-GRAVIERS-COMMERCE GENERAL-PRODUITS FORESTIERS ET DIVERS",ETABLISSEMENT,"HESSOU JEAN-BOSCO/TEL 22-46-30-32/DAHOUE/DOGB","","","",BENINOISE
154,"00/A/391 DU 28/03/00",ETS JESDA,OUIDAH/TOVE,"SERVICEREPRESENTATION COMMERCIALE-MICRO-FINANCE-COMMERCE GENERAL ET DIVERS-PRESTATIONS DE SERVICES...",ETABLISSEMENT,"","","","BANQUES & ETABLISSEMENTS FINANCIERS",BENINOISE
155,188/A DU 10/07/09,ETS K. T. A. & FILS,"COME/HONGODETEL 95-05-34-02","INDUSTRIEVENTE DE LUBRIFIANTS-QUINCAILLERIE-BTP-ALIMENTATION GENERALE-RESTAURATION....",ETABLISSEMENT,"","","","MINES - CARRIERES - HYDROCARBURES",BENINOISE
156,"RB/ODH/13-A-011 DU 13/02/",ETS KOESSI ET FILS,COME-HONGODE,"COMMERCECOMMERCE GENERAL-PIECES DETACHEES  ET DIVERS",ETABLISSEMENT,"","","",COMMERCE GENERAL,BENINOISE
157,056/A DU 14/03/06,ETS KOTCHOU ET FILS,"BOHICON/AGBANWEMETEL 95-85-22-48","COMMERCEACHAT ET VENTE PRODUITS FORESTIERS-EXPLOITATION FORESTIERES-QUINCAILLERIE ET DIVERS",ETABLISSEMENT,"","","","COMMERCIALISATION PRODUITS FORESTIERS",BENINOISE
158,077/A DU 01/09/05,ETS KPAJOS,"COME/DJAKOTETEL 95-85-61-33","COMMERCECOMMERCE GENERAL-MATELASSERIE-PRODUITS SOBEBRA-MOUSSE-TISSUS-PLASTIQUE...DIVERS",ETABLISSEMENT,"","","","ACHAT ET VENTE DE TISSUS",BENINOISE
160,"5604/A DU 22/02/99",ETS LA  COLOMBE,COME/AZANNOU,"COMMERCEACHAT ET VENTE DES PRODUITS DE LA SOBEBRA ET DIVERSES MARCHANDISES",ETABLISSEMENT,"","","",COMMERCE GENERAL,BENINOISE
161,041/A DU 06/05/05,ETS LA  RELEVE,"TOVIKLIN/TOVIKLIN 2TEL 90-07-48-42","INDUSTRIEBTP-ALIMENTATION-CONSOMMABLES INFORMATIQUES-QUINCAILLERIE",ETABLISSEMENT,"","","",BATIMENTS - TP,BENINOISE
162,498/A DU 21/01/91,ETS LA COLOMBE,"AZOVE/TCHIGLIHOUETEL 97-68-46-70","COMMERCEEXPLOITATION DE STATION SONACOP-VENTE DE DIVERS-BOISSONS",ETABLISSEMENT,"","","","DISTRIBUTION AUTRES PRODUITS",BENINOISE
163,"5477/A DU 06/01/98",ETS LA FAMILLE,COME,"COMMERCEACHAT ET VENTE DE FOURNITURES ET EQUIPEMENTS DE BUREAU-PRESTATION DE SERVICES-COMMERCE GENERAL",ETABLISSEMENT,"","","","LIBRAIRIE - PAPETERIE - BUREAUTIQUE",BENINOISE
164,2268/A,ETS LA FORCE DU BIEN,FAGLA ANTOINE/SAVALOU,"ACHAT ET VENTE DE PRODUITS VIVRIERS-TROPICAUX-FORESTIERS-TRANSPORT-PRESTATION DE SERVICES-IMPRIMERIE ET DIVERS",ETABLISSEMENT,"FAGLA ANTOINE/SAVALOU","","","",BENINOISE
165,794/A DU 12/05/99,ETS LA VOLONTE,"AZOVE/EKINHOUETEL 90-92-08-97","COMMERCEQUINCAILLERIE-PRODUITS FORESTIERS-PETROLIERS-SCIERIE ET DIVERS",ETABLISSEMENT,"","","","QUINCAILLERIE MATERIAUX DE CONSTRUCTION",BENINOISE
166,570/A DU 19/02/99,ETS LE BERCAIL,"COME/HONGODETEL 95-96-97-93","SERVICEEXPLOITATION D'UN BAR RESTAURANT-BUVETTE ET DIVERS",ETABLISSEMENT,"","","","HOTELLERIE - RESTAURATION",BENINOISE
167,396/A DU 19/11/87,ETS LE PHENIX,"BOPA/TCHANHOUETEL 97-31-43-21","COMMERCEEXPLOITATION D'UN DEBIT DE BOISSON",ETABLISSEMENT,"","","","DISTRIBUTION AUTRES PRODUITS",BENINOISE
168,258/A DU 20/09/11,ETS LE RETOUR ET FILS,"LOKOSSA/SAGUE-ZOUNHOUETEL 95-85-30-47","SERVICEBAR-RESTAURANT-SERVICE TRAITEUR-QUINCAILLERIE-POISSONNERIE-HOTEL-PRODUITS FORESTIERS....DIVERS",ETABLISSEMENT,"","","","HOTELLERIE - RESTAURATION",BENINOISE
169,170/A DU 27/08/10,ETS LE TOURISME,"GRAND-POPO/ONKUIHOUE-PLAGETEL 95-84-30-47","COMMERCEDEPOT PHARMACEUTIQUE-TOURISME-RESTAURATION-ACHAT ET VENTE DE FOURNITURES DE BUREAU...",ETABLISSEMENT,"","","","DISTRIBUTION AUTRES PRODUITS",BENINOISE
170,03- A-411,ETS LES ABS DU BATIMENT,"DOSSOU PAULINE EPSE ALOUKPE/TEL 22-41-15-54/LOKOSSA/GUINKOMEY","QUINCAILLERIE-ACHAT ET VENTE D'EFFETS VESTIMENTAIRES-DE TISSUS-DE MATERIELS ELECTRIQUES-D'USTENCILS DE CUISINE.. DIVERS",ETABLISSEMENT,"DOSSOU PAULINE EPSE ALOUKPE/TEL 22-41-15-","","","",BENINOISE
171,"09/A/244 DU 03/09/09",ETS LES BENIS DE DIEU,"AZOVE/DJIMADOHOUETEL 95-48-55-70","COMMERCEALIMENTATION GENERALE-BUREAUTIQUE-QUINCAILLERIE-COMMERCE GENERAL ET DIVERS",ETABLISSEMENT,"","","","DISTRIBUTION PRODUITS ALIMENTAIRES",BENINOISE
172,A-006 DU 19/01/11,ETS LES CINQ ETOILES,LOKOSSA/AGNIVEDJI/ZONE BRIGADE,"COMMERCEHOTELLERIE-BUREAUTIQUE-QUINCAILLERIE-PLOMBERIE-CONSOMMABLES INFORMATIQUES-PORTABLES ET ACCESSOIRES-COMMERCE GENERAL ET DIVERS",ETABLISSEMENT,"","","","HOTELLERIE - RESTAURATION",BENINOISE
173,008/A DU 11/01/10,ETS LES FRERES ESSOU,"COME/HONGODETEL 95-42-00-86","COMMERCEPRODUITS GSM-FORESTIERS-MATERIELS ELECTROMENAGERS-BTP-DEBIT DE BOISSONS...DIVERS",ETABLISSEMENT,"","","",COMMERCE GENERAL,BENINOISE
174,073/A DU 12/03/09,ETS LES GRACES DE DIEU,"LOKOSSA/TCHIKOMEYTEL 94-90-80-10","COMMERCEVENTE DE PRODUITS CONGELES-SOBEBRA-PETROLIERS-AGRICOLES-GSM-ARTICLES SCOLAIRES ET BUREAUTIQUE...DIVERS",ETABLISSEMENT,"","","","DISTRIBUTION PRODUITS ALIMENTAIRES",BENINOISE
175,77/A DU 16/04/08,ETS LES PALMIERS ET FILS,"BOPA/GBEDECOMEYTEL 95-05-36-51","VENTE DE DIVERS PRODUITS VIVRIERS-SOBEBRA-GSM ET ACCESSOIRES-PETROLIERS-TRANSPORT-BTP-GENIE CIVIL..",ETABLISSEMENT,"","","","COMMERCIALISATION PRODUITS FORESTIERS",BENINOISE
176,"08/A/074 DU 11/04/08",ETS LOKOTECH-MONO,"LOKOSSA/AKODEDJROTEL 95-15-25-62","COMMERCECOMMERCE GENERAL-VENTE ET REPARATION DES APPAREILS BUREAUTIQUES-BTP-GENIE CIVIL....",ETABLISSEMENT,"","","","LIBRAIRIE - PAPETERIE - BUREAUTIQUE",BENINOISE
177,"RB /LKS/2008-A-085",ETS LOUFFA & FILS,"TOGAN LABI JULIEN/TEL 95-45-44-15/AZOVE/TCHIDEHOUE","QUINCAILLERIE-ACHAT ET VENTE DE PRODUITS ELECTROMENAGERS-ALIMENTATION GENERALE-COMMERCE GENERAL ET DIVERS",ETABLISSEMENT,"TOGAN LABI JULIEN/TEL 95-45-44-15/AZOVE/TCHIDE","","","",BENINOISE
178,264/A DU 20/10/09,"ETS LUMIERE 2000 CHEZ GBEHAMI","COME/HONGODETEL 96-04-65-01","INDUSTRIESOUDURE-QUINCAILLERIE-VENTE DE MATERIELS ELECTRIQUES-FORESTIERS ET DIVERS",ETABLISSEMENT,"","","","INDUSTRIES MANUFACTURIERES",BENINOISE
180,947/A DU 08/05/01,ETS MAIN DE DIEU,"LOKOSSA/AGONVE/VON AIE PEURTEL 22-41-18-60","COMMERCEINFORMATIQUE -BUREAUTIQUE-BTP ET DIVERS",ETABLISSEMENT,"","","",COMMERCE GENERAL,BENINOISE
181,115/A DU 22/04/10,ETS MAWOUGNON ET FILS,"KLOUEKANME/ZOUZOUKANMETEL 97-69-95-29","COMMERCEALIMENTATION GENERALE-PRODUITS GSM-COMMERCE GENERAL ET DIVERS",ETABLISSEMENT,"","","","DISTRIBUTION PRODUITS ALIMENTAIRES",BENINOISE
182,"05-A-087 DU 08/04/05",ETS MEME PERE,"AZOVE/DEKONTEL 97-45-67-00","COMMERCEACHAT ET VENTE DE PRODUITS D'ENTRETIEN-FOURNITURES DE BUREAU-BTP-COMMERCE GENERAL..DIVERS",ETABLISSEMENT,"","","","DISTRIBUTION AUTRES PRODUITS",BENINOISE
183,069/A DU 14/03/07,"ETS MENUISERIE-SCIERIE DON DE DIEU",COME/HONGODE,"COMMERCEPRODUITS FORESTIERS-CABINE TELEPHONIQUE-COMMERCE GENERAL ET DIVERS",ETABLISSEMENT,"","","","COMMERCIALISATION PRODUITS FORESTIERS",BENINOISE
184,06/A/084,ETS MERCERIE & DIVERS,"ATHIEME/GBEDJI/EN FACE CEGTEL 97-11-69-00","COMMERCEMERCERIE-VENTE DE PRODUITS GSM-SOBEBRA-SONACOP¨-FORESTIERS....COMMERCE GENERAL ET DIVERS",ETABLISSEMENT,"","","",COMMERCE GENERAL,BENINOISE
185,140/A DU 04/12/03,ETS MESSIE ET FILS,"AZOVE/VINOUHOUETEL 90-04-60-70","COMMERCECOMMERCE GENERAL-EXPLOITATION D'UNE SCIERIE-BTP-GENIE CIVIL-VENTE DE PRODUITS FORESTIERS...",ETABLISSEMENT,"","","","COMMERCIALISATION PRODUITS FORESTIERS",BENINOISE
186,"07/A/0008 DU 26/01/07",ETS MI-DO-O-DJI & FILS,LOKOSSA/GLO-GUINKOMEY,"COMMERCEPAPETERIE-PRESTATION DE SERVICE-RESTAURATION-BTP-GENIE CIVIL-COMMERCE GENERAL..",ETABLISSEMENT,"","","","LIBRAIRIE - PAPETERIE - BUREAUTIQUE",BENINOISE
187,517/A DU 11/10/85,ETS MOTEL LE PLATEAU,"AZOVE/ATCHOHOUETEL 22-46-82-26","COMMERCEACHAT ET VENTE DE PRODUITS AGRICOLES-DE LA BRASSERIE DU BENIN-EXPLOITATION D'UN BAR RESTAURANT ET DIVERS",ETABLISSEMENT,"","","","DISTRIBUTION INTRANTS AGRICOLES",BENINOISE
188,609/A DU 24/04/96,ETS NATHOVI & FILS,"LOKOSSA/GUINKOMEYTEL 99-81-80-58","COMMERCECOMMERCE GENERAL-ACHAT ET VENTE DE MARCHANDISES DIVERSES",ETABLISSEMENT,"","","",COMMERCE GENERAL,BENINOISE
189,061/A DU 02/03/09,ETS NAVAGNON,"LOKOSSA/TCHIKOMEYTEL 96-15-27-15","COMMERCEACHAT ET VENTE DE PRODUITS AGRO-ALIMENTAIRES-PRESTATIONS DE SERVICES-COMMERCE GENERAL ET DIVERS....",ETABLISSEMENT,"","","","DISTRIBUTION PRODUITS ALIMENTAIRES",BENINOISE
190,141/A DU 06/06/11,ETS NIKOUE & FILS,"LOKOSSA/GUINKOMEYTEL 95-88-38-30","COMMERCEDISCOTHEQUE-APPAREILS ELECTRONIQUES-PRET-A-PORTER-BUVETTE PRODUITS AGRICOLES....DIVERS",ETABLISSEMENT,"","","",COMMERCE GENERAL,BENINOISE
191,544/A DU 02/06/94,ETS NOCODI,AZOVE/GBOFOLY,"COMMERCEEXPLOITATION D'UN DEPOT DE PRODUITS DE LA SOBEBRA-COMMERCE GENERAL ET DIVERS",ETABLISSEMENT,"","","",COMMERCE GENERAL,BENINOISE
192,"11/A/406 DU 26/12/11",ETS NONVISSI,"LOKOSSA/AGONVETEL 66-94-10-18","COMMERCE PRODUITS AGRICOLES-VIVRIERS-VENTE DE BOISSONS-ALIMENTATION GENERALE....",ETABLISSEMENT,"","","","AGRICULTURE - ELEVAGE - PECHE",BENINOISE
193,"08/A/099 DU 04/06/08",ETS NOYA - ERA,"LOKOSSA/GUINKOMEYTEL 95-93-93-13","COMMERCEACHAT ET VENTE DES APPAREILS ELECTRIQUES ET ELECTRO-MENAGERS-QUINCAILLERIE-BTP-GENIE CIVIL....",ETABLISSEMENT,"","","",COMMERCE GENERAL,BENINOISE
194,"06-A-0402 DU 16/02/06",ETS O.M.I.,"COTONOU/FIDJROSSE-KPOTATEL 90-04-46-37","SERVICEACHAT ET VENTE DE MATERIELS ET CONSOMMABLES INFORMATIQUES-QUINCAILLERIE-BTP",ETABLISSEMENT,"","","",TELECOMS & NTIC,BENINOISE
195,R.B.-APL-13-A-002,ETS OMO OLODES,"APLAHOUE/AZOVETEL 96-29-40-45","COMMERCEACHAT ET VENTE DE PIECES DETACHEES POUR MOTOS DE TOUTES MARQUES-PIECES DE TOUTES MACHINES A MOTEURS-...DIVERS",ETABLISSEMENT,"","","","PNEUMATIQUES ET VEHICULES D'OCCASION",BENINOISE
196,007/A DU 11/02/05,ETS ORI LONICHE ADJOKE,DAOUDA MOURANA S. /AZOVE-TEL 22-46-51-95,"COMMERCE GENERAL, ACHAT ET VENTE DES PRODUITS DE BEAUTE ET DIVERS",ETABLISSEMENT,"DAOUDA MOURANA S. /AZOVE-TEL 22-46-51-95","","","",BENINOISE
197,295/A DU 07/12/09,ETS ORO & LABORO,"COME/GADOMETEL 90-03-53-92","INDUSTRIEBTP-VENTE DE MATERIAUX DE CONSTRUCTION-LUBRIFIANTS-PIECES DETACHEES...",ETABLISSEMENT,"","","",BATIMENTS - TP,BENINOISE
198,A-003 DU 06/06/01,ETS PAJOC & FILS,"AZOVE/KPACOMETEL96-86-47-60","SERVICEPRESTATION DE SERVICE EN HOTELLERIE-RESTAURATION ET TELECOMMUNICATION",ETABLISSEMENT,"","","","HOTELLERIE - RESTAURATION",BENINOISE
200,395/A DU 15/12/11,ETS PANINI,"LOKOSSA/TAKONTEL 97-08-90-44","SERVICEBAR-RESTAURANT-SERVICE TRAITEUR-PRET-A-PORTER-BUREAUTIQUE-PRODUITS FORESTIERS...",ETABLISSEMENT,"","","","HOTELLERIE - RESTAURATION"
201,048/A,ETS PARACLETUS,DOSSA BAI GISELE P. A./AZOVE/LATEHOUE,"RESTAURATION-VENTE DE PRET-A-PORTER-CONSOMMABLES INFORMATIQUES-PHOTOCOPIE...PRODUITS AGRICOLES...",ETABLISSEMENT,"DOSSA BAI GISELEP. A./AZOVE/LATEHOUE","","",""
202,"RB /ODH/13-A-009 DU 11/01",ETS PARDON,"OUIDAH/LEBOUTEL 95-79-71-31","COMMERCELOCATION -SCIERIE-ACHAT ET VENTE DE PRODUITS FORESTIERS -QUINCAILLERIE...",ETABLISSEMENT,"","","","QUINCAILLERIE MATERIAUX DE CONSTRUCTION"
203,037/A DU 09/02/09,"ETS PHARMACIE SAINTE CARINE","KLOUEKANME/AGBLECOMETEL 98-05-05-65","COMMERCEACHAT ET VENTE DE PRODUITS PHARMACEUTIQUES-ACCESSOIRES -PARAPHARMACEUTIQUES-COMMERCE GENERAL ET DIVERS",ETABLISSEMENT,"","","","DISTRIBUTION AUTRES PRODUITS"
204,134/A DU 31/05/10,ETS PRIX  SOLO,"LOKOSSA/CITE-AHOUAMETEL 97-26-31-42","COMMERCEPRODUITS COSMETIQUES-COMMERCE GENERAL ET DIVERS",ETABLISSEMENT,"","","",COMMERCE GENERAL
205,"03-A-112 DU 28/02/03","ETS QUINCAILLERIE DIEU EST LA",P/NOVO/01BP 1942,"COMMERCE ACHAT ET VENTE DE DIVERS",ETABLISSEMENT,"","","","QUINCAILLERIE MATERIAUX DE CONSTRUCTION"
206,212/A DU 06/10/08,ETS QUITUS VERT,"COME/DJAKOTETEL 97-29-95-77","COMMERCEVENTE DE PRODUITS VIVRIERS-COSMETIQUES ET FORESTIERS-LUBRIFIANTS-CYBER-TELECENTRE.....",ETABLISSEMENT,"","","",COMMERCE GENERAL
207,222/A DU 06/08/09,ETS RESICOM-BENIN,"LOKOSSA/TCHIKOMEYTEL 97-74-88-34","SERVICEACHAT ET VENTE DE MATERIELS INFORMATIQUES-BUREAUTIQUE-BTP-COMMERCE GENERAL ET DIVERS",ETABLISSEMENT,"","","",TELECOMS & NTIC
208,"11/A/068 DU 07/03/11",ETS RESTHA ET FILS,"LOKOSSA/TCHIKOMEYTEL 95-49-53-21","COMMERCEFOURNITURES DE BUREAU ET SCOLAIRES-PAPETERIE-BTP-GENIE CIVIL-ALIMENTATION GENERALE....COMMERCE GENERAL ET DIVERS",ETABLISSEMENT,"","","","LIBRAIRIE - PAPETERIE - BUREAUTIQUE"
209,07-A-0013,ETS SAINT BRUNO,"HOUNNOUVI COMLAN BRUNO/TEL 95-40-60-32/GONFIOCOMEY/SE","BTP-QUINCAILLERIE-FOURNITURES DE BUREAU-CONSOMMABLES INFORMATIQUES-PRESTATION DE SERVICES-PRODUITS FORESTIERS-AGRICOLES-DE DEPOT DE CIMENT-TOUS TRAVAUX DE MENUISERIE-COMMERCE GENERAL ET DIVERS",ETABLISSEMENT,"HOUNNOUVI COMLAN BRUNO/TEL 95-40-60-","","",""
210,001/A DU 07/01/09,ETS SAINT RENE (LA DBB),"LOKOSSA/GUINKOMEY/EN FACE MOOV STORTEL 95-62-15-78","COMMERCEVENTE DE MATERIAUX DE CONSTRUCTION-DE PRODUITS FORESTIERS-BTP-COMMERCE GENERAL ET DIVERS",ETABLISSEMENT,"","","","QUINCAILLERIE MATERIAUX DE CONSTRUCTION"
211,206/A DU 06/10/07,ETS SELAH ET FILS,"OUIDAH/AHOUANDJIGOTEL 97-88-87-41","COMMERCEPRESTATION DE SERVICES ET COMMERCE GENERAL",ETABLISSEMENT,"","","",COMMERCE GENERAL
212,"0016/A DU 03/03/05",ETS SOL D'ANGES,"AZOVE/GBOFOLYTEL 22-46-50-83","COMMERCECOMMERCE GENERAL-VENTE DE PRODUITS D'ALIMENTATION-D'HABILLEMENT-BOISSONS...DIVERS",ETABLISSEMENT,"","","",COMMERCE GENERAL
213,11-A-023,ETS SOMAR,"SOSSA MATHIEU TEL 95-11-83-22/DOGBO/MIGBONZOUNME","QUINCAILLERIE-VENTE DE PIECES DETACHEES-ENGRAIS ET INSECTICIDES-PRODUITS SOBEBRA-FORESTIERS-VIVRIERS-COMMERCE GENERAL ET DIVERS",ETABLISSEMENT,"SOSSA MATHIEU TEL 95-11-83-22/DOGBO/MIGBONZOUNME","","",""
214,"RB LKS/11-A-042 DU 07/02",ETS SONETRACO-BENIN,"AZOVE/CHIHOUNDEHOUETEL 95-74-85-89","INDUSTRIEBTP-CONSTRUCTION BATIMENT-FOURNITURES DE BUREAU-EXPLOITATION FORESTIERE-PRODUITS ELECTROMENAGERS...",ETABLISSEMENT,"","","",BATIMENTS - TP
215,"11/A/130 DU 17/05/11","ETS SOUROU-PERSEVERANCE","LOKOSSA/TCHIKOMEYTEL 97-58-90-69","COMMERCEEXPLOITATION FORESTIERE-BTP-GENIE CIVIL-BUREAUTIQUE-INFORMATIQUE ET CONSOMMABLES....",ETABLISSEMENT,"","","","COMMERCIALISATION PRODUITS FORESTIERS"
216,"M-220/A DU 06/10/10",ETS T. C. F.,"AZOVE/GBOFOLY/MARCHE TEL 22-46-54-50","COMMERCEQUINCAILLERIE-EXPLOITATION D'UN DEBIT DE BOISSONS-ACHAT ET VENTE DE PRODUITS FORESTIERS-PETROLIERS-PIECES DETACHEES...DIVERS",ETABLISSEMENT,"","","",COMMERCE GENERAL
217,183/A DU 13/10/08,ETS TCHIKPEVI ET FILS,"DJAKOTOMEY/MASSEDEHOUETEL 95-45-43-48","COMMERCEQUINCAILLERIE-VENTE DE MATERIELS DE CONSTRUCTION-DE PRODUITSFORESTIERS-PETROLIERS-COMMERCE GENERAL",ETABLISSEMENT,"","","","QUINCAILLERIE MATERIAUX DE CONSTRUCTION"
218,100/A DU 07/04/10,ETS TECHNOLOGIES  PLUS,"LOKOSSA/AGONVE-SOGBADJITEL 97-47-04-18","VENTE DE MATERIELS INFORMATIQUES-ELECTRIQUES-ELECTRONIQUES-BTP-COMMERCE GENERAL ET DIVERS",ETABLISSEMENT,"","","",TELECOMS & NTIC
220,681/A DU 27/05/97,ETS TOWOU,LOKOSSA,"COMMERCEEXPLOITATION D'UNE SCIERIE ET D'UNE MENUISERIE-CONSTRUCTION DE BATIMENTS...",ETABLISSEMENT,"","","","COMMERCIALISATION PRODUITS FORESTIERS"
221,5041/A,ETS UN PEU DE TOUT,"ASSOU LOKOSSOU ANTOINE/COME/TEL 96-29-7400/AKODEHA",ACHAT ET VENTE DES PIECES DETACHEES ET MARCHANDISES DIVERSE,ETABLISSEMENT,"ASSOU LOKOSSOU ANTOINE/COME/TEL 96-29-","","",""
222,112/A,ETS VERO & FILS,GADEDJRO VERONIQUE/COME/HONGODE,"VENTE DE DIVERS-PRODUITS TEXTILES-MERCERIE-EXPLOITATION DE CABINE TELEPHONIQUE...DIVERSES PRESTATIONS",ETABLISSEMENT,"GADEDJRO VERONIQUE/COME/HONGODE","","",""
223,"0222/A DU 07/07/04",GBADU ET FILS,AZOVE,"INDUSTRIESCIERIE-QUINCAILLERIE-BTP ET DIVERS",ETABLISSEMENT,"","","",BATIMENTS - TP
224,"08/A/3254 DU 30/01/08",GBOVI GADIN Y. L. B. HOMAR,COME/AZANNOU,"COMMERCELOCATION BACHES-COMMERCE GENERAL ET DIVERS",ETABLISSEMENT,"","","",COMMERCE GENERAL
225,"11/A/065 DU 22/02/11",GT ENTREPRISE,"LOKOSSA/TCHIKOMEYTEL 95-05-15-32","INDUSTRIEGENIE CIVIL-TRANSPORT-PRODUITS AGRICOLES-FORESTIERS-QUINCAILLERIE..DIVERS",ETABLISSEMENT,"","","",BATIMENTS - TP
226,"05-A-023 DU 18/11/13","HABITATION LOYER MODERNE AFRIQUE",HOUEYOGBE,"SERVICEBTP-GENIE CIVIL-CHAUDRONNERIE-TUYAUTERIE INDUSTRIEL-ENTRETIEN-PRESTATION DE SERVICES..",ETABLISSEMENT,"","","",BATIMENTS - TP
227,5196/A,HOTEL CHEZ THEO,DOTOU C. THODORE/BOPA/TEL 97-18-31-18,HOTELLERIE-RESTAURATION,ETABLISSEMENT,"DOTOU C. THODORE/BOPA/TEL 97-18-31-18","","",""
228,"10-A-009 DU 11/01/10",HOTEL POLE  NORD,"SE/GAHOUINTEL 95-85-11-00","SERVICEHOTEL ET AUTRES MOYENS D'HBERGEMENT DE COURTE DUREE-RESTAURATION-ALIMENTATION GENERALE..",ETABLISSEMENT,"","","","HOTELLERIE - RESTAURATION"
229,008/A,KENN LTD,QTIER AGONTINKON/TEL 90-93-93-22/COTONOU,"COMMERCEACHAT ET VENTE DE FOURNITURES DE BUREAU-MATERIELS INFORMATIQUES-PRESTATION DE SERVICE",ETABLISSEMENT,"","","","LIBRAIRIE - PAPETERIE - BUREAUTIQUE"
230,"09-A-296 DU 10/12/09",KOKO EVARISTE ANTOINE,"COME/HONGODETEL 97-25-26-22","COMMERCEELECTRO-MENAGER-QUINCAILLERIE ET COMMERCE GENERAL",ETABLISSEMENT,"","","",COMMERCE GENERAL
231,B-36,PALUTECK RELEVE SARL,"ABOMEY-CALAVI/AZOVE/EKINHOUETEL 97-98-97-34/BP 1559","COMMERCEIMPORTATION DE COUCHES-CULOTTES-QUINCAILLERIE-REPRESENTATION COMMERCIALE",SOCIETE SARL,"","","","ACHAT ET VENTE DE TISSUS"
232,18/A DU 19/01/10,PHARMACIE GRACE DIVINE,"AZOVE/AHOLOUHOUETEL 98-81-66-36","COMMERCEEXPLOITATION D'UNE OFFICINE DE PHARMACIE-CONSOMMABLES MEDICAUX-COMMERCE GENERAL ET DIVERS",ETABLISSEMENT,"","","","DISTRIBUTION AUTRES PRODUITS"
233,458/A,"PHARMACIE LE BON  SAMARITAIN",DOSSOU ERNEST/LOKOSSA-BP 05 TEL 22-41-13-21,EXPLOITATION D'UNE OFFICINE DE PHARMACIE,ETABLISSEMENT,"DOSSOU ERNEST/LOKOSSA-BP 05 TEL 22-41-13-21","","",""
234,03-B-275,S A C I T,"C/122 M-BP 107/TEL 21-33-71-34/GBEDJEWIN-AKPAKPA-COTONOU","IMPORTATION DE BOISSONS-MATERIELS INFORMATIQUES ET MATERIAUX DE CONSTRUCTION BATIMENT-TRANSPORT ET BTP",SOCIETE SARL,"C/122 M-BP 107/TEL 21-33-71-34/GBEDJEWIN-AKPAKPA-","","",""
235,01-B-57,S O N I M E X SARL,TCHIHOUNDEHOUE-AZOVE-TEL : 22-46-50-36,"IMPORTATION DES PRODUITS ALIMENTAIRES-PIECES DETACHEES ET ARTICLES DE QUINCAILLERIE",SOCIETE SARL,"TCHIHOUNDEHOUE-AZOVE-TEL : 22-46-50-36","","",""
236,"B-025 DU 25/01/2011",SANIMEX,"DJAKOTOMEY/DJOKOHOUETEL 97-07-38-08","SERVICETRANSIT ET CONSIGNATION -PRODUITS PETROLIERS-IMPORTATION ET EXPORTATION DE DIVERSES MARCHANDISES-QUINCAILLERIE..DIVERS",SOCIETE SARL,"","","","PORT - MANUTENTION - CONSIGNATION"
237,"07-B-91 DU 29/02/08","SOCIETE COMMERCIALE VIDEGNANOU & FILS ""SO.CO.VIF""","COTONOU/ZOGBOHOUETEL 95-82-68-68/ 071BP 56","COMMERCEIMPORTATION DE MOTOS NEUVES-PIECES DETACHEES ET PRODUITS ALIMENTAIRES",SOCIETE SARL,"","","","CONCESSIONNAIRES AUTO-MOTO"
238,448/A,SOUS L'IROKO,"SOSSOU DAKPE/TEL 94-72-77-41/66-81-39-30 BP 187/AGONVE/LOKOSSA","EXPLOITATION HOTELIERE-ACHAT ET VENTE DE MATERIELS MILITAIRE-REPRESENTATION ET DIVERS",ETABLISSEMENT,"SOSSOU DAKPE/TEL 94-72-77-41/66-81-39-30 BP","","",""
240,"RB/LKS/10-M-250  DU 16/12",STE  NOVEDA,"LOKOSSA/ /GLO-GUINKOMEYLOT 13/PARCELLE H","SERVICEEXPERTISE-CONSEILS-INGENIERIE ET ETUDES EN ENVIRONNEMENT ET DEVELOPPEMENT-NEGOCE…..",SOCIETE SARL,"","","","BUREAUX D'ETUDES - INGENIERIE"
